Rule_Number,32_bit_Binary_Representation,Nature,Transient_Length,Cycle_Length
0,00000000000000000000000000000000,Fixed Point,1,1
1,00000000000000000000000000000001,Fixed Point,3,1
2,00000000000000000000000000010000,Fixed Point,3,1
3,00000000000000000000000000010001,Fixed Point,3,1
4,00000000000000000000010000000000,Fixed Point,4,1
5,00000000000000000000010000000001,Fixed Point,5,1
6,00000000000000000000010000010000,Fixed Point,4,1
7,00000000000000000000010000010001,Fixed Point,5,1
8,00000000000000000100000000000000,Fixed Point,5,1
9,00000000000000000100000000000001,Fixed Point,5,1
10,00000000000000000100000000010000,Fixed Point,5,1
11,00000000000000000100000000010001,Fixed Point,6,1
12,00000000000000000100010000000000,Fixed Point,5,1
13,00000000000000000100010000000001,Fixed Point,7,1
14,00000000000000000100010000010000,Fixed Point,8,1
15,00000000000000000100010000010001,Fixed Point,8,1
16,00000000000000100000000000000000,Fixed Point,4,1
17,00000000000000100000000000000001,Fixed Point,5,1
18,00000000000000100000000000010000,Fixed Point,4,1
19,00000000000000100000000000010001,Fixed Point,5,1
20,00000000000000100000010000000000,Fixed Point,4,1
21,00000000000000100000010000000001,Fixed Point,5,1
22,00000000000000100000010000010000,Fixed Point,4,1
23,00000000000000100000010000010001,Fixed Point,5,1
24,00000000000000100100000000000000,Fixed Point,4,1
25,00000000000000100100000000000001,Fixed Point,5,1
26,00000000000000100100000000010000,Fixed Point,5,1
27,00000000000000100100000000010001,Fixed Point,6,1
28,00000000000000100100010000000000,Fixed Point,5,1
29,00000000000000100100010000000001,Fixed Point,6,1
30,00000000000000100100010000010000,Fixed Point,6,1
31,00000000000000100100010000010001,Fixed Point,7,1
32,00000000001000000000000000000000,Fixed Point,4,1
33,00000000001000000000000000000001,Fixed Point,5,1
34,00000000001000000000000000010000,Fixed Point,5,1
35,00000000001000000000000000010001,Fixed Point,6,1
36,00000000001000000000010000000000,Fixed Point,4,1
37,00000000001000000000010000000001,Fixed Point,5,1
38,00000000001000000000010000010000,Fixed Point,5,1
39,00000000001000000000010000010001,Fixed Point,5,1
40,00000000001000000100000000000000,Fixed Point,4,1
41,00000000001000000100000000000001,Fixed Point,5,1
42,00000000001000000100000000010000,Fixed Point,5,1
43,00000000001000000100000000010001,Fixed Point,6,1
44,00000000001000000100010000000000,Fixed Point,5,1
45,00000000001000000100010000000001,Fixed Point,6,1
46,00000000001000000100010000010000,Fixed Point,8,1
47,00000000001000000100010000010001,Fixed Point,7,1
48,00000000001000100000000000000000,Fixed Point,5,1
49,00000000001000100000000000000001,Fixed Point,8,1
50,00000000001000100000000000010000,Fixed Point,6,1
51,00000000001000100000000000010001,Fixed Point,8,1
52,00000000001000100000010000000000,Fixed Point,4,1
53,00000000001000100000010000000001,Fixed Point,6,1
54,00000000001000100000010000010000,Fixed Point,6,1
55,00000000001000100000010000010001,Fixed Point,8,1
56,00000000001000100100000000000000,Fixed Point,5,1
57,00000000001000100100000000000001,Fixed Point,6,1
58,00000000001000100100000000010000,Fixed Point,6,1
59,00000000001000100100000000010001,Fixed Point,6,1
60,00000000001000100100010000000000,Fixed Point,5,1
61,00000000001000100100010000000001,Fixed Point,6,1
62,00000000001000100100010000010000,Fixed Point,6,1
63,00000000001000100100010000010001,Fixed Point,7,1
64,00001000000000000000000000000000,Fixed Point,1,1
65,00001000000000000000000000000001,Fixed Point,2,1
66,00001000000000000000000000010000,Fixed Point,2,1
67,00001000000000000000000000010001,Fixed Point,3,1
68,00001000000000000000010000000000,Fixed Point,3,1
69,00001000000000000000010000000001,Fixed Point,5,1
70,00001000000000000000010000010000,Fixed Point,3,1
71,00001000000000000000010000010001,Fixed Point,5,1
72,00001000000000000100000000000000,Fixed Point,4,1
73,00001000000000000100000000000001,Fixed Point,4,1
74,00001000000000000100000000010000,Fixed Point,4,1
75,00001000000000000100000000010001,Fixed Point,5,1
76,00001000000000000100010000000000,Fixed Point,5,1
77,00001000000000000100010000000001,Fixed Point,6,1
78,00001000000000000100010000010000,Fixed Point,8,1
79,00001000000000000100010000010001,Fixed Point,8,1
80,00001000000000100000000000000000,Fixed Point,3,1
81,00001000000000100000000000000001,Fixed Point,4,1
82,00001000000000100000000000010000,Fixed Point,3,1
83,00001000000000100000000000010001,Fixed Point,4,1
84,00001000000000100000010000000000,Fixed Point,3,1
85,00001000000000100000010000000001,Fixed Point,5,1
86,00001000000000100000010000010000,Fixed Point,4,1
87,00001000000000100000010000010001,Fixed Point,5,1
88,00001000000000100100000000000000,Fixed Point,4,1
89,00001000000000100100000000000001,Fixed Point,4,1
90,00001000000000100100000000010000,Fixed Point,4,1
91,00001000000000100100000000010001,Fixed Point,5,1
92,00001000000000100100010000000000,Fixed Point,5,1
93,00001000000000100100010000000001,Fixed Point,6,1
94,00001000000000100100010000010000,Fixed Point,6,1
95,00001000000000100100010000010001,Fixed Point,7,1
96,00001000001000000000000000000000,Fixed Point,4,1
97,00001000001000000000000000000001,Fixed Point,4,1
98,00001000001000000000000000010000,Fixed Point,4,1
99,00001000001000000000000000010001,Fixed Point,5,1
100,00001000001000000000010000000000,Fixed Point,4,1
101,00001000001000000000010000000001,Fixed Point,4,1
102,00001000001000000000010000010000,Fixed Point,4,1
103,00001000001000000000010000010001,Fixed Point,5,1
104,00001000001000000100000000000000,Fixed Point,6,1
105,00001000001000000100000000000001,Fixed Point,6,1
106,00001000001000000100000000010000,Fixed Point,7,1
107,00001000001000000100000000010001,Fixed Point,9,1
108,00001000001000000100010000000000,Fixed Point,7,1
109,00001000001000000100010000000001,Fixed Point,7,1
110,00001000001000000100010000010000,Fixed Point,7,1
111,00001000001000000100010000010001,Fixed Point,9,1
112,00001000001000100000000000000000,Fixed Point,5,1
113,00001000001000100000000000000001,Fixed Point,7,1
114,00001000001000100000000000010000,Fixed Point,6,1
115,00001000001000100000000000010001,Fixed Point,8,1
116,00001000001000100000010000000000,Fixed Point,5,1
117,00001000001000100000010000000001,Fixed Point,6,1
118,00001000001000100000010000010000,Fixed Point,6,1
119,00001000001000100000010000010001,Fixed Point,8,1
120,00001000001000100100000000000000,Fixed Point,7,1
121,00001000001000100100000000000001,Fixed Point,7,1
122,00001000001000100100000000010000,Fixed Point,7,1
123,00001000001000100100000000010001,Fixed Point,8,1
124,00001000001000100100010000000000,Fixed Point,8,1
125,00001000001000100100010000000001,Fixed Point,9,1
126,00001000001000100100010000010000,Fixed Point,9,1
127,00001000001000100100010000010001,Fixed Point,9,1
128,10000000000000000000000000000000,Periodic,1,2
129,10000000000000000000000000000001,Unknown,-1,0
130,10000000000000000000000000010000,Periodic,3,2
131,10000000000000000000000000010001,Unknown,-1,0
132,10000000000000000000010000000000,Periodic,7,2
133,10000000000000000000010000000001,Unknown,-1,0
134,10000000000000000000010000010000,Periodic,8,2
135,10000000000000000000010000010001,Unknown,-1,0
136,10000000000000000100000000000000,Periodic,10,2
137,10000000000000000100000000000001,Unknown,-1,0
138,10000000000000000100000000010000,Periodic,13,4
139,10000000000000000100000000010001,Unknown,-1,0
140,10000000000000000100010000000000,Periodic,30,12
141,10000000000000000100010000000001,Unknown,-1,0
142,10000000000000000100010000010000,Periodic,30,12
143,10000000000000000100010000010001,Unknown,-1,0
144,10000000000000100000000000000000,Periodic,11,2
145,10000000000000100000000000000001,Unknown,-1,0
146,10000000000000100000000000010000,Periodic,9,2
147,10000000000000100000000000010001,Unknown,-1,0
148,10000000000000100000010000000000,Periodic,12,2
149,10000000000000100000010000000001,Unknown,-1,0
150,10000000000000100000010000010000,Periodic,11,2
151,10000000000000100000010000010001,Unknown,-1,0
152,10000000000000100100000000000000,Unknown,-1,0
153,10000000000000100100000000000001,Unknown,-1,0
154,10000000000000100100000000010000,Unknown,-1,0
155,10000000000000100100000000010001,Unknown,-1,0
156,10000000000000100100010000000000,Unknown,-1,0
157,10000000000000100100010000000001,Unknown,-1,0
158,10000000000000100100010000010000,Unknown,-1,0
159,10000000000000100100010000010001,Unknown,-1,0
160,10000000001000000000000000000000,Periodic,11,2
161,10000000001000000000000000000001,Unknown,-1,0
162,10000000001000000000000000010000,Periodic,11,12
163,10000000001000000000000000010001,Unknown,-1,0
164,10000000001000000000010000000000,Unknown,-1,0
165,10000000001000000000010000000001,Unknown,-1,0
166,10000000001000000000010000010000,Unknown,-1,0
167,10000000001000000000010000010001,Unknown,-1,0
168,10000000001000000100000000000000,Periodic,17,4
169,10000000001000000100000000000001,Unknown,-1,0
170,10000000001000000100000000010000,Periodic,22,24
171,10000000001000000100000000010001,Unknown,-1,0
172,10000000001000000100010000000000,Periodic,82,12
173,10000000001000000100010000000001,Unknown,-1,0
174,10000000001000000100010000010000,Unknown,-1,0
175,10000000001000000100010000010001,Unknown,-1,0
176,10000000001000100000000000000000,Periodic,19,12
177,10000000001000100000000000000001,Unknown,-1,0
178,10000000001000100000000000010000,Periodic,20,12
179,10000000001000100000000000010001,Unknown,-1,0
180,10000000001000100000010000000000,Unknown,-1,0
181,10000000001000100000010000000001,Unknown,-1,0
182,10000000001000100000010000010000,Unknown,-1,0
183,10000000001000100000010000010001,Unknown,-1,0
184,10000000001000100100000000000000,Unknown,-1,0
185,10000000001000100100000000000001,Unknown,-1,0
186,10000000001000100100000000010000,Unknown,-1,0
187,10000000001000100100000000010001,Unknown,-1,0
188,10000000001000100100010000000000,Unknown,-1,0
189,10000000001000100100010000000001,Unknown,-1,0
190,10000000001000100100010000010000,Unknown,-1,0
191,10000000001000100100010000010001,Unknown,-1,0
192,10001000000000000000000000000000,Periodic,1,2
193,10001000000000000000000000000001,Periodic,25,6
194,10001000000000000000000000010000,Periodic,37,6
195,10001000000000000000000000010001,Unknown,-1,0
196,10001000000000000000010000000000,Periodic,7,2
197,10001000000000000000010000000001,Periodic,31,6
198,10001000000000000000010000010000,Periodic,46,12
199,10001000000000000000010000010001,Unknown,-1,0
200,10001000000000000100000000000000,Periodic,8,2
201,10001000000000000100000000000001,Unknown,-1,0
202,10001000000000000100000000010000,Unknown,-1,0
203,10001000000000000100000000010001,Unknown,-1,0
204,10001000000000000100010000000000,Periodic,11,2
205,10001000000000000100010000000001,Periodic,34,12
206,10001000000000000100010000010000,Periodic,87,12
207,10001000000000000100010000010001,Unknown,-1,0
208,10001000000000100000000000000000,Periodic,6,2
209,10001000000000100000000000000001,Periodic,25,6
210,10001000000000100000000000010000,Periodic,47,24
211,10001000000000100000000000010001,Unknown,-1,0
212,10001000000000100000010000000000,Periodic,7,2
213,10001000000000100000010000000001,Periodic,34,6
214,10001000000000100000010000010000,Unknown,-1,0
215,10001000000000100000010000010001,Unknown,-1,0
216,10001000000000100100000000000000,Periodic,32,8
217,10001000000000100100000000000001,Unknown,-1,0
218,10001000000000100100000000010000,Unknown,-1,0
219,10001000000000100100000000010001,Unknown,-1,0
220,10001000000000100100010000000000,Periodic,47,24
221,10001000000000100100010000000001,Periodic,43,24
222,10001000000000100100010000010000,Unknown,-1,0
223,10001000000000100100010000010001,Unknown,-1,0
224,10001000001000000000000000000000,Periodic,7,2
225,10001000001000000000000000000001,Unknown,-1,0
226,10001000001000000000000000010000,Periodic,48,24
227,10001000001000000000000000010001,Unknown,-1,0
228,10001000001000000000010000000000,Periodic,39,12
229,10001000001000000000010000000001,Unknown,-1,0
230,10001000001000000000010000010000,Unknown,-1,0
231,10001000001000000000010000010001,Unknown,-1,0
232,10001000001000000100000000000000,Periodic,15,2
233,10001000001000000100000000000001,Unknown,-1,0
234,10001000001000000100000000010000,Unknown,-1,0
235,10001000001000000100000000010001,Unknown,-1,0
236,10001000001000000100010000000000,Periodic,45,24
237,10001000001000000100010000000001,Unknown,-1,0
238,10001000001000000100010000010000,Unknown,-1,0
239,10001000001000000100010000010001,Unknown,-1,0
240,10001000001000100000000000000000,Periodic,11,4
241,10001000001000100000000000000001,Periodic,51,12
242,10001000001000100000000000010000,Unknown,-1,0
243,10001000001000100000000000010001,Unknown,-1,0
244,10001000001000100000010000000000,Periodic,36,12
245,10001000001000100000010000000001,Periodic,46,24
246,10001000001000100000010000010000,Unknown,-1,0
247,10001000001000100000010000010001,Unknown,-1,0
248,10001000001000100100000000000000,Periodic,53,24
249,10001000001000100100000000000001,Unknown,-1,0
250,10001000001000100100000000010000,Unknown,-1,0
251,10001000001000100100000000010001,Unknown,-1,0
252,10001000001000100100010000000000,Unknown,-1,0
253,10001000001000100100010000000001,Unknown,-1,0
254,10001000001000100100010000010000,Unknown,-1,0
255,10001000001000100100010000010001,Unknown,-1,0
